{"cameraMode":{"drawMode":0,"name":"Shaded","section":"Shading Mode"},"sceneLighting":false,"audioPlay":false,"sceneViewState":{"m_AlwaysRefresh":false,"showFog":true,"showSkybox":false,"showFlares":true,"showImageEffects":true,"showParticleSystems":true,"showVisualEffectGraphs":true,"m_FxEnabled":true},"in2DMode":false,"pivot":{"x":47.875572204589847,"y":4.219286918640137,"z":50.34474563598633},"rotation":{"x":0.026001200079917909,"y":-0.9739735722541809,"z":0.16721971333026887,"w":0.15116868913173676},"size":0.4431040287017822,"orthographic":false}