{"cameraMode":{"drawMode":0,"name":"Shaded","section":"Shading Mode"},"sceneLighting":false,"audioPlay":false,"sceneViewState":{"m_AlwaysRefresh":false,"showFog":true,"showSkybox":false,"showFlares":true,"showImageEffects":true,"showParticleSystems":true,"showVisualEffectGraphs":true,"m_FxEnabled":true},"in2DMode":false,"pivot":{"x":-0.025742709636688234,"y":0.040050894021987918,"z":0.04381304979324341},"rotation":{"x":0.016618112102150918,"y":0.9608029127120972,"z":-0.2711385488510132,"w":0.05792830139398575},"size":0.6028986573219299,"orthographic":false}