{"cameraMode":{"drawMode":0,"name":"Shaded","section":"Shading Mode"},"sceneLighting":false,"audioPlay":false,"sceneViewState":{"m_AlwaysRefresh":false,"showFog":true,"showSkybox":false,"showFlares":true,"showImageEffects":true,"showParticleSystems":true,"showVisualEffectGraphs":true,"m_FxEnabled":true},"in2DMode":false,"pivot":{"x":180.37498474121095,"y":9.02613639831543,"z":1.016995906829834},"rotation":{"x":0.016498398035764695,"y":-0.012598461471498013,"z":0.0002200220915256068,"w":0.9998049736022949},"size":165.3799591064453,"orthographic":false}