{"cameraMode":{"drawMode":0,"name":"Shaded","section":"Shading Mode"},"sceneLighting":false,"audioPlay":false,"sceneViewState":{"m_AlwaysRefresh":false,"showFog":true,"showSkybox":false,"showFlares":true,"showImageEffects":true,"showParticleSystems":true,"showVisualEffectGraphs":true,"m_FxEnabled":true},"in2DMode":false,"pivot":{"x":-0.003984183073043823,"y":0.23171105980873109,"z":-0.0059119462966918949},"rotation":{"x":0.18938705325126649,"y":0.6168403625488281,"z":-0.155877023935318,"w":0.7480713725090027},"size":0.4902578592300415,"orthographic":false}