{"cameraMode":{"drawMode":0,"name":"Shaded","section":"Shading Mode"},"sceneLighting":true,"audioPlay":false,"sceneViewState":{"m_AlwaysRefresh":false,"showFog":true,"showSkybox":true,"showFlares":true,"showImageEffects":true,"showParticleSystems":true,"showVisualEffectGraphs":true,"m_FxEnabled":true},"in2DMode":false,"pivot":{"x":49.30906677246094,"y":4.169240951538086,"z":26.962873458862306},"rotation":{"x":0.11668755114078522,"y":-0.8137465119361877,"z":0.17515511810779572,"w":0.5418823957443237},"size":3.6313364505767824,"orthographic":false}