{"cameraMode":{"drawMode":0,"name":"Shaded","section":"Shading Mode"},"sceneLighting":true,"audioPlay":false,"sceneViewState":{"m_AlwaysRefresh":false,"showFog":true,"showSkybox":true,"showFlares":true,"showImageEffects":true,"showParticleSystems":true,"showVisualEffectGraphs":true,"m_FxEnabled":true},"in2DMode":false,"pivot":{"x":53.68764114379883,"y":3.4823288917541506,"z":56.3392448425293},"rotation":{"x":0.026001200079917909,"y":-0.9739735722541809,"z":0.16721971333026887,"w":0.15116868913173676},"size":5.206511497497559,"orthographic":false}