{"cameraMode":{"drawMode":0,"name":"Shaded","section":"Shading Mode"},"sceneLighting":true,"audioPlay":false,"sceneViewState":{"m_AlwaysRefresh":false,"showFog":true,"showSkybox":true,"showFlares":true,"showImageEffects":true,"showParticleSystems":true,"showVisualEffectGraphs":true,"m_FxEnabled":true},"in2DMode":false,"pivot":{"x":-1.8594310283660889,"y":1.217698097229004,"z":-6.4182658195495609},"rotation":{"x":0.04225482791662216,"y":-0.31004059314727785,"z":0.013795770704746247,"w":0.9497275948524475},"size":7.575265407562256,"orthographic":false}