{"cameraMode":{"drawMode":0,"name":"Shaded","section":"Shading Mode"},"sceneLighting":true,"audioPlay":false,"sceneViewState":{"m_AlwaysRefresh":false,"showFog":true,"showSkybox":true,"showFlares":true,"showImageEffects":true,"showParticleSystems":true,"showVisualEffectGraphs":true,"m_FxEnabled":true},"in2DMode":false,"pivot":{"x":-0.16515029966831208,"y":1.111687421798706,"z":0.04299760237336159},"rotation":{"x":-0.2583160400390625,"y":-0.3973464369773865,"z":0.11770162731409073,"w":-0.8727809190750122},"size":6.7482500076293949,"orthographic":true}