{"cameraMode":{"drawMode":0,"name":"Shaded","section":"Shading Mode"},"sceneLighting":true,"audioPlay":false,"sceneViewState":{"m_AlwaysRefresh":false,"showFog":true,"showSkybox":true,"showFlares":true,"showImageEffects":true,"showParticleSystems":true,"showVisualEffectGraphs":true,"m_FxEnabled":true},"in2DMode":false,"pivot":{"x":487.6339416503906,"y":477.5645446777344,"z":-4.462897777557373},"rotation":{"x":0.016498398035764695,"y":-0.012598461471498013,"z":0.0002200220915256068,"w":0.9998049736022949},"size":1296.16162109375,"orthographic":false}