{"cameraMode":{"drawMode":0,"name":"Shaded","section":"Shading Mode"},"sceneLighting":true,"audioPlay":false,"sceneViewState":{"m_AlwaysRefresh":false,"showFog":true,"showSkybox":true,"showFlares":true,"showImageEffects":true,"showParticleSystems":true,"showVisualEffectGraphs":true,"m_FxEnabled":true},"in2DMode":false,"pivot":{"x":258.2652893066406,"y":219.91004943847657,"z":-26.666048049926759},"rotation":{"x":0.1262081414461136,"y":0.0006808115867897868,"z":-0.00013207748997956514,"w":0.9920657873153687},"size":328.5515441894531,"orthographic":false}