{"cameraMode":{"drawMode":0,"name":"Shaded","section":"Shading Mode"},"sceneLighting":true,"audioPlay":false,"sceneViewState":{"m_AlwaysRefresh":false,"showFog":true,"showSkybox":true,"showFlares":true,"showImageEffects":true,"showParticleSystems":true,"showVisualEffectGraphs":true,"m_FxEnabled":true},"in2DMode":false,"pivot":{"x":54.530914306640628,"y":-5.473886489868164,"z":37.29896926879883},"rotation":{"x":0.746236264705658,"y":-0.003994489088654518,"z":0.004477706737816334,"w":0.6656703352928162},"size":60.317623138427737,"orthographic":false}